{
  "name": "zapagent-ai-wordpress",
  "private": true,
  "version": "1.0.0",
  "type": "module",
  "scripts": {
    "dev": "vite --config vite.config-wordpress.ts",
    "build": "vite build --config vite.config-wordpress.ts",
    "preview": "vite preview --config vite.config-wordpress.ts"
  },
  "dependencies": {
    "react": "^18.2.0",
    "react-dom": "^18.2.0",
    "framer-motion": "^10.16.16",
    "react-intersection-observer": "^9.5.3",
    "three": "^0.158.0",
    "@react-three/fiber": "^8.15.12",
    "@react-three/drei": "^9.92.7",
    "zustand": "^4.4.7",
    "axios": "^1.6.2",
    "react-hook-form": "^7.48.2",
    "react-hot-toast": "^2.4.1"
  },
  "devDependencies": {
    "@types/react": "^18.2.66",
    "@types/react-dom": "^18.2.22",
    "@types/three": "^0.158.3",
    "@vitejs/plugin-react": "^4.2.1",
    "autoprefixer": "^10.4.19",
    "postcss": "^8.4.38",
    "tailwindcss": "^3.4.3",
    "typescript": "^5.2.2",
    "vite": "^5.2.0"
  }
}